DEBUG:root:{'pid': 95090, 'executed': '1552425006.765883', 'result': 4423324579.977492, 'completed': '1552425011.893615', 'function': 'example_compute.compute_flops', 'params': [1, 2048], 'resources': 1, 'dispatcher_id': '288bf2e6-9538-4ea8-a76e-818a1d254047', 'task_id': 3, 'scheduled': '1552425006.763077', 'worker_id': 'd6ecc32b-27c8-4f82-bf36-8c131d17b074', 'worker_hostname': 'nbp-25-98-190.nbp.ruw.rutgers.edu'}
DEBUG:root:{'pid': 95091, 'executed': '1552425006.766179', 'result': 2729605378.461586, 'completed': '1552425014.099214', 'function': 'example_compute.compute_flops', 'params': [1, 2048], 'resources': 1, 'dispatcher_id': '288bf2e6-9538-4ea8-a76e-818a1d254047', 'task_id': 4, 'scheduled': '1552425006.7631528', 'worker_id': 'd6ecc32b-27c8-4f82-bf36-8c131d17b074', 'worker_hostname': 'nbp-25-98-190.nbp.ruw.rutgers.edu'}
DEBUG:root:{'pid': 95093, 'executed': '1552425006.766686', 'result': 2480976873.6357293, 'completed': '1552425014.458472', 'function': 'example_compute.compute_flops', 'params': [1, 2048], 'resources': 1, 'dispatcher_id': '288bf2e6-9538-4ea8-a76e-818a1d254047', 'task_id': 6, 'scheduled': '1552425006.763324', 'worker_id': 'd6ecc32b-27c8-4f82-bf36-8c131d17b074', 'worker_hostname': 'nbp-25-98-190.nbp.ruw.rutgers.edu'}
DEBUG:root:{'pid': 95094, 'executed': '1552425006.766996', 'result': 2284442280.8247743, 'completed': '1552425014.65963', 'function': 'example_compute.compute_flops', 'params': [1, 2048], 'resources': 1, 'dispatcher_id': '288bf2e6-9538-4ea8-a76e-818a1d254047', 'task_id': 7, 'scheduled': '1552425006.7634351', 'worker_id': 'd6ecc32b-27c8-4f82-bf36-8c131d17b074', 'worker_hostname': 'nbp-25-98-190.nbp.ruw.rutgers.edu'}
DEBUG:root:{'pid': 95088, 'executed': '1552425006.765313', 'result': 2463098319.425431, 'completed': '1552425014.915353', 'function': 'example_compute.compute_flops', 'params': [1, 2048], 'resources': 1, 'dispatcher_id': '288bf2e6-9538-4ea8-a76e-818a1d254047', 'task_id': 1, 'scheduled': '1552425006.745228', 'worker_id': 'd6ecc32b-27c8-4f82-bf36-8c131d17b074', 'worker_hostname': 'nbp-25-98-190.nbp.ruw.rutgers.edu'}
DEBUG:root:{'pid': 95137, 'executed': '1552425006.8996532', 'result': 1945636570.9245589, 'completed': '1552425016.866823', 'function': 'example_compute.compute_flops', 'params': [1, 2048], 'resources': 1, 'dispatcher_id': '288bf2e6-9538-4ea8-a76e-818a1d254047', 'task_id': 50, 'scheduled': '1552425006.776822', 'worker_id': 'd6ecc32b-27c8-4f82-bf36-8c131d17b074', 'worker_hostname': 'nbp-25-98-190.nbp.ruw.rutgers.edu'}
DEBUG:root:{'pid': 95096, 'executed': '1552425006.776705', 'result': 1622838008.2416604, 'completed': '1552425017.859217', 'function': 'example_compute.compute_flops', 'params': [1, 2048], 'resources': 1, 'dispatcher_id': '288bf2e6-9538-4ea8-a76e-818a1d254047', 'task_id': 9, 'scheduled': '1552425006.763648', 'worker_id': 'd6ecc32b-27c8-4f82-bf36-8c131d17b074', 'worker_hostname': 'nbp-25-98-190.nbp.ruw.rutgers.edu'}
DEBUG:root:{'pid': 95095, 'executed': '1552425006.768283', 'result': 1399726390.3510358, 'completed': '1552425020.079746', 'function': 'example_compute.compute_flops', 'params': [1, 2048], 'resources': 1, 'dispatcher_id': '288bf2e6-9538-4ea8-a76e-818a1d254047', 'task_id': 8, 'scheduled': '1552425006.763541', 'worker_id': 'd6ecc32b-27c8-4f82-bf36-8c131d17b074', 'worker_hostname': 'nbp-25-98-190.nbp.ruw.rutgers.edu'}
DEBUG:root:{'pid': 95089, 'executed': '1552425006.765703', 'result': 1225836766.3708973, 'completed': '1552425022.044619', 'function': 'example_compute.compute_flops', 'params': [1, 2048], 'resources': 1, 'dispatcher_id': '288bf2e6-9538-4ea8-a76e-818a1d254047', 'task_id': 2, 'scheduled': '1552425006.7628858', 'worker_id': 'd6ecc32b-27c8-4f82-bf36-8c131d17b074', 'worker_hostname': 'nbp-25-98-190.nbp.ruw.rutgers.edu'}
DEBUG:root:{'pid': 95092, 'executed': '1552425006.766415', 'result': 1208144170.2117689, 'completed': '1552425022.3726', 'function': 'example_compute.compute_flops', 'params': [1, 2048], 'resources': 1, 'dispatcher_id': '288bf2e6-9538-4ea8-a76e-818a1d254047', 'task_id': 5, 'scheduled': '1552425006.763235', 'worker_id': 'd6ecc32b-27c8-4f82-bf36-8c131d17b074', 'worker_hostname': 'nbp-25-98-190.nbp.ruw.rutgers.edu'}
DEBUG:root:{'pid': 95098, 'executed': '1552425006.792556', 'result': 1069396329.9236706, 'completed': '1552425023.435471', 'function': 'example_compute.compute_flops', 'params': [1, 2048], 'resources': 1, 'dispatcher_id': '288bf2e6-9538-4ea8-a76e-818a1d254047', 'task_id': 11, 'scheduled': '1552425006.763896', 'worker_id': 'd6ecc32b-27c8-4f82-bf36-8c131d17b074', 'worker_hostname': 'nbp-25-98-190.nbp.ruw.rutgers.edu'}
DEBUG:root:{'pid': 95159, 'executed': '1552425006.936158', 'result': 1007958480.3189386, 'completed': '1552425025.2163358', 'function': 'example_compute.compute_flops', 'params': [1, 2048], 'resources': 1, 'dispatcher_id': '288bf2e6-9538-4ea8-a76e-818a1d254047', 'task_id': 72, 'scheduled': '1552425006.835588', 'worker_id': 'd6ecc32b-27c8-4f82-bf36-8c131d17b074', 'worker_hostname': 'nbp-25-98-190.nbp.ruw.rutgers.edu'}
DEBUG:root:{'pid': 95120, 'executed': '1552425006.871237', 'result': 983725422.3631918, 'completed': '1552425025.443221', 'function': 'example_compute.compute_flops', 'params': [1, 2048], 'resources': 1, 'dispatcher_id': '288bf2e6-9538-4ea8-a76e-818a1d254047', 'task_id': 33, 'scheduled': '1552425006.7664099', 'worker_id': 'd6ecc32b-27c8-4f82-bf36-8c131d17b074', 'worker_hostname': 'nbp-25-98-190.nbp.ruw.rutgers.edu'}
DEBUG:root:{'pid': 95128, 'executed': '1552425006.886066', 'result': 983333148.0312277, 'completed': '1552425025.453456', 'function': 'example_compute.compute_flops', 'params': [1, 2048], 'resources': 1, 'dispatcher_id': '288bf2e6-9538-4ea8-a76e-818a1d254047', 'task_id': 41, 'scheduled': '1552425006.768176', 'worker_id': 'd6ecc32b-27c8-4f82-bf36-8c131d17b074', 'worker_hostname': 'nbp-25-98-190.nbp.ruw.rutgers.edu'}
DEBUG:root:{'pid': 95124, 'executed': '1552425006.88', 'result': 974919975.8657705, 'completed': '1552425025.5133681', 'function': 'example_compute.compute_flops', 'params': [1, 2048], 'resources': 1, 'dispatcher_id': '288bf2e6-9538-4ea8-a76e-818a1d254047', 'task_id': 37, 'scheduled': '1552425006.767427', 'worker_id': 'd6ecc32b-27c8-4f82-bf36-8c131d17b074', 'worker_hostname': 'nbp-25-98-190.nbp.ruw.rutgers.edu'}
DEBUG:root:{'pid': 95151, 'executed': '1552425006.925556', 'result': 985306438.7280412, 'completed': '1552425025.539319', 'function': 'example_compute.compute_flops', 'params': [1, 2048], 'resources': 1, 'dispatcher_id': '288bf2e6-9538-4ea8-a76e-818a1d254047', 'task_id': 64, 'scheduled': '1552425006.8181472', 'worker_id': 'd6ecc32b-27c8-4f82-bf36-8c131d17b074', 'worker_hostname': 'nbp-25-98-190.nbp.ruw.rutgers.edu'}
DEBUG:root:{'pid': 95133, 'executed': '1552425006.895765', 'result': 973637131.5650218, 'completed': '1552425025.55354', 'function': 'example_compute.compute_flops', 'params': [1, 2048], 'resources': 1, 'dispatcher_id': '288bf2e6-9538-4ea8-a76e-818a1d254047', 'task_id': 46, 'scheduled': '1552425006.775649', 'worker_id': 'd6ecc32b-27c8-4f82-bf36-8c131d17b074', 'worker_hostname': 'nbp-25-98-190.nbp.ruw.rutgers.edu'}
DEBUG:root:{'pid': 95097, 'executed': '1552425006.787891', 'result': 971382842.510841, 'completed': '1552425025.553888', 'function': 'example_compute.compute_flops', 'params': [1, 2048], 'resources': 1, 'dispatcher_id': '288bf2e6-9538-4ea8-a76e-818a1d254047', 'task_id': 10, 'scheduled': '1552425006.7637398', 'worker_id': 'd6ecc32b-27c8-4f82-bf36-8c131d17b074', 'worker_hostname': 'nbp-25-98-190.nbp.ruw.rutgers.edu'}
DEBUG:root:{'pid': 95135, 'executed': '1552425006.89804', 'result': 1007553365.4829179, 'completed': '1552425025.570174', 'function': 'example_compute.compute_flops', 'params': [1, 2048], 'resources': 1, 'dispatcher_id': '288bf2e6-9538-4ea8-a76e-818a1d254047', 'task_id': 48, 'scheduled': '1552425006.776279', 'worker_id': 'd6ecc32b-27c8-4f82-bf36-8c131d17b074', 'worker_hostname': 'nbp-25-98-190.nbp.ruw.rutgers.edu'}
DEBUG:root:{'pid': 95107, 'executed': '1552425006.853086', 'result': 1032678042.9557095, 'completed': '1552425025.5926552', 'function': 'example_compute.compute_flops', 'params': [1, 2048], 'resources': 1, 'dispatcher_id': '288bf2e6-9538-4ea8-a76e-818a1d254047', 'task_id': 20, 'scheduled': '1552425006.765024', 'worker_id': 'd6ecc32b-27c8-4f82-bf36-8c131d17b074', 'worker_hostname': 'nbp-25-98-190.nbp.ruw.rutgers.edu'}
DEBUG:root:{'pid': 95109, 'executed': '1552425006.855618', 'result': 974569303.184134, 'completed': '1552425025.6281118', 'function': 'example_compute.compute_flops', 'params': [1, 2048], 'resources': 1, 'dispatcher_id': '288bf2e6-9538-4ea8-a76e-818a1d254047', 'task_id': 22, 'scheduled': '1552425006.765236', 'worker_id': 'd6ecc32b-27c8-4f82-bf36-8c131d17b074', 'worker_hostname': 'nbp-25-98-190.nbp.ruw.rutgers.edu'}
DEBUG:root:{'pid': 95155, 'executed': '1552425006.9290261', 'result': 1009012183.2687191, 'completed': '1552425025.634379', 'function': 'example_compute.compute_flops', 'params': [1, 2048], 'resources': 1, 'dispatcher_id': '288bf2e6-9538-4ea8-a76e-818a1d254047', 'task_id': 68, 'scheduled': '1552425006.83412', 'worker_id': 'd6ecc32b-27c8-4f82-bf36-8c131d17b074', 'worker_hostname': 'nbp-25-98-190.nbp.ruw.rutgers.edu'}
DEBUG:root:{'pid': 95115, 'executed': '1552425006.866055', 'result': 989365571.9371727, 'completed': '1552425025.6358452', 'function': 'example_compute.compute_flops', 'params': [1, 2048], 'resources': 1, 'dispatcher_id': '288bf2e6-9538-4ea8-a76e-818a1d254047', 'task_id': 28, 'scheduled': '1552425006.765902', 'worker_id': 'd6ecc32b-27c8-4f82-bf36-8c131d17b074', 'worker_hostname': 'nbp-25-98-190.nbp.ruw.rutgers.edu'}
DEBUG:root:{'pid': 95150, 'executed': '1552425006.91965', 'result': 962306828.7554939, 'completed': '1552425025.636823', 'function': 'example_compute.compute_flops', 'params': [1, 2048], 'resources': 1, 'dispatcher_id': '288bf2e6-9538-4ea8-a76e-818a1d254047', 'task_id': 63, 'scheduled': '1552425006.817568', 'worker_id': 'd6ecc32b-27c8-4f82-bf36-8c131d17b074', 'worker_hostname': 'nbp-25-98-190.nbp.ruw.rutgers.edu'}
DEBUG:root:{'pid': 95184, 'executed': '1552425006.963402', 'result': 1015396667.3688151, 'completed': '1552425025.635843', 'function': 'example_compute.compute_flops', 'params': [1, 2048], 'resources': 1, 'dispatcher_id': '288bf2e6-9538-4ea8-a76e-818a1d254047', 'task_id': 97, 'scheduled': '1552425006.848376', 'worker_id': 'd6ecc32b-27c8-4f82-bf36-8c131d17b074', 'worker_hostname': 'nbp-25-98-190.nbp.ruw.rutgers.edu'}
DEBUG:root:{'pid': 95152, 'executed': '1552425006.92721', 'result': 993773949.1751909, 'completed': '1552425025.638895', 'function': 'example_compute.compute_flops', 'params': [1, 2048], 'resources': 1, 'dispatcher_id': '288bf2e6-9538-4ea8-a76e-818a1d254047', 'task_id': 65, 'scheduled': '1552425006.8337212', 'worker_id': 'd6ecc32b-27c8-4f82-bf36-8c131d17b074', 'worker_hostname': 'nbp-25-98-190.nbp.ruw.rutgers.edu'}
DEBUG:root:{'pid': 95167, 'executed': '1552425006.941889', 'result': 1040046235.2205294, 'completed': '1552425025.6397781', 'function': 'example_compute.compute_flops', 'params': [1, 2048], 'resources': 1, 'dispatcher_id': '288bf2e6-9538-4ea8-a76e-818a1d254047', 'task_id': 80, 'scheduled': '1552425006.8469079', 'worker_id': 'd6ecc32b-27c8-4f82-bf36-8c131d17b074', 'worker_hostname': 'nbp-25-98-190.nbp.ruw.rutgers.edu'}
DEBUG:root:{'pid': 95114, 'executed': '1552425006.865503', 'result': 967623078.4591523, 'completed': '1552425025.728678', 'function': 'example_compute.compute_flops', 'params': [1, 2048], 'resources': 1, 'dispatcher_id': '288bf2e6-9538-4ea8-a76e-818a1d254047', 'task_id': 27, 'scheduled': '1552425006.765792', 'worker_id': 'd6ecc32b-27c8-4f82-bf36-8c131d17b074', 'worker_hostname': 'nbp-25-98-190.nbp.ruw.rutgers.edu'}
DEBUG:root:{'pid': 95183, 'executed': '1552425006.963142', 'result': 1014643887.5018332, 'completed': '1552425025.728575', 'function': 'example_compute.compute_flops', 'params': [1, 2048], 'resources': 1, 'dispatcher_id': '288bf2e6-9538-4ea8-a76e-818a1d254047', 'task_id': 96, 'scheduled': '1552425006.8482938', 'worker_id': 'd6ecc32b-27c8-4f82-bf36-8c131d17b074', 'worker_hostname': 'nbp-25-98-190.nbp.ruw.rutgers.edu'}
DEBUG:root:{'pid': 95112, 'executed': '1552425006.862578', 'result': 978512620.6328045, 'completed': '1552425025.7410078', 'function': 'example_compute.compute_flops', 'params': [1, 2048], 'resources': 1, 'dispatcher_id': '288bf2e6-9538-4ea8-a76e-818a1d254047', 'task_id': 25, 'scheduled': '1552425006.765558', 'worker_id': 'd6ecc32b-27c8-4f82-bf36-8c131d17b074', 'worker_hostname': 'nbp-25-98-190.nbp.ruw.rutgers.edu'}
DEBUG:root:{'pid': 95169, 'executed': '1552425006.944329', 'result': 1016328527.8109328, 'completed': '1552425025.534496', 'function': 'example_compute.compute_flops', 'params': [1, 2048], 'resources': 1, 'dispatcher_id': '288bf2e6-9538-4ea8-a76e-818a1d254047', 'task_id': 82, 'scheduled': '1552425006.847093', 'worker_id': 'd6ecc32b-27c8-4f82-bf36-8c131d17b074', 'worker_hostname': 'nbp-25-98-190.nbp.ruw.rutgers.edu'}
DEBUG:root:{'pid': 95148, 'executed': '1552425006.9188402', 'result': 955707094.6422597, 'completed': '1552425025.7718332', 'function': 'example_compute.compute_flops', 'params': [1, 2048], 'resources': 1, 'dispatcher_id': '288bf2e6-9538-4ea8-a76e-818a1d254047', 'task_id': 61, 'scheduled': '1552425006.81617', 'worker_id': 'd6ecc32b-27c8-4f82-bf36-8c131d17b074', 'worker_hostname': 'nbp-25-98-190.nbp.ruw.rutgers.edu'}
DEBUG:root:{'pid': 95127, 'executed': '1552425006.885837', 'result': 1007710530.0851555, 'completed': '1552425025.772177', 'function': 'example_compute.compute_flops', 'params': [1, 2048], 'resources': 1, 'dispatcher_id': '288bf2e6-9538-4ea8-a76e-818a1d254047', 'task_id': 40, 'scheduled': '1552425006.768055', 'worker_id': 'd6ecc32b-27c8-4f82-bf36-8c131d17b074', 'worker_hostname': 'nbp-25-98-190.nbp.ruw.rutgers.edu'}
DEBUG:root:{'pid': 95132, 'executed': '1552425006.894009', 'result': 957216939.207773, 'completed': '1552425025.780782', 'function': 'example_compute.compute_flops', 'params': [1, 2048], 'resources': 1, 'dispatcher_id': '288bf2e6-9538-4ea8-a76e-818a1d254047', 'task_id': 45, 'scheduled': '1552425006.775455', 'worker_id': 'd6ecc32b-27c8-4f82-bf36-8c131d17b074', 'worker_hostname': 'nbp-25-98-190.nbp.ruw.rutgers.edu'}
DEBUG:root:{'pid': 95134, 'executed': '1552425006.896866', 'result': 943143868.8873678, 'completed': '1552425025.805187', 'function': 'example_compute.compute_flops', 'params': [1, 2048], 'resources': 1, 'dispatcher_id': '288bf2e6-9538-4ea8-a76e-818a1d254047', 'task_id': 47, 'scheduled': '1552425006.776006', 'worker_id': 'd6ecc32b-27c8-4f82-bf36-8c131d17b074', 'worker_hostname': 'nbp-25-98-190.nbp.ruw.rutgers.edu'}
DEBUG:root:{'pid': 95181, 'executed': '1552425006.962467', 'result': 1000238588.8542596, 'completed': '1552425025.813201', 'function': 'example_compute.compute_flops', 'params': [1, 2048], 'resources': 1, 'dispatcher_id': '288bf2e6-9538-4ea8-a76e-818a1d254047', 'task_id': 94, 'scheduled': '1552425006.8481228', 'worker_id': 'd6ecc32b-27c8-4f82-bf36-8c131d17b074', 'worker_hostname': 'nbp-25-98-190.nbp.ruw.rutgers.edu'}
DEBUG:root:{'pid': 95131, 'executed': '1552425006.888252', 'result': 956117543.2506096, 'completed': '1552425025.821087', 'function': 'example_compute.compute_flops', 'params': [1, 2048], 'resources': 1, 'dispatcher_id': '288bf2e6-9538-4ea8-a76e-818a1d254047', 'task_id': 44, 'scheduled': '1552425006.7752829', 'worker_id': 'd6ecc32b-27c8-4f82-bf36-8c131d17b074', 'worker_hostname': 'nbp-25-98-190.nbp.ruw.rutgers.edu'}
DEBUG:root:{'pid': 95179, 'executed': '1552425006.961926', 'result': 1022022875.1550983, 'completed': '1552425025.8249128', 'function': 'example_compute.compute_flops', 'params': [1, 2048], 'resources': 1, 'dispatcher_id': '288bf2e6-9538-4ea8-a76e-818a1d254047', 'task_id': 92, 'scheduled': '1552425006.847958', 'worker_id': 'd6ecc32b-27c8-4f82-bf36-8c131d17b074', 'worker_hostname': 'nbp-25-98-190.nbp.ruw.rutgers.edu'}
DEBUG:root:{'pid': 95102, 'executed': '1552425006.824204', 'result': 945296169.8658686, 'completed': '1552425025.839037', 'function': 'example_compute.compute_flops', 'params': [1, 2048], 'resources': 1, 'dispatcher_id': '288bf2e6-9538-4ea8-a76e-818a1d254047', 'task_id': 15, 'scheduled': '1552425006.764435', 'worker_id': 'd6ecc32b-27c8-4f82-bf36-8c131d17b074', 'worker_hostname': 'nbp-25-98-190.nbp.ruw.rutgers.edu'}
DEBUG:root:{'pid': 95147, 'executed': '1552425006.9184132', 'result': 938201460.8428746, 'completed': '1552425025.85233', 'function': 'example_compute.compute_flops', 'params': [1, 2048], 'resources': 1, 'dispatcher_id': '288bf2e6-9538-4ea8-a76e-818a1d254047', 'task_id': 60, 'scheduled': '1552425006.8152199', 'worker_id': 'd6ecc32b-27c8-4f82-bf36-8c131d17b074', 'worker_hostname': 'nbp-25-98-190.nbp.ruw.rutgers.edu'}
DEBUG:root:{'pid': 95108, 'executed': '1552425006.8539689', 'result': 981644541.8894753, 'completed': '1552425025.8881578', 'function': 'example_compute.compute_flops', 'params': [1, 2048], 'resources': 1, 'dispatcher_id': '288bf2e6-9538-4ea8-a76e-818a1d254047', 'task_id': 21, 'scheduled': '1552425006.765142', 'worker_id': 'd6ecc32b-27c8-4f82-bf36-8c131d17b074', 'worker_hostname': 'nbp-25-98-190.nbp.ruw.rutgers.edu'}
DEBUG:root:{'pid': 95118, 'executed': '1552425006.870265', 'result': 961144907.1688282, 'completed': '1552425025.888464', 'function': 'example_compute.compute_flops', 'params': [1, 2048], 'resources': 1, 'dispatcher_id': '288bf2e6-9538-4ea8-a76e-818a1d254047', 'task_id': 31, 'scheduled': '1552425006.766222', 'worker_id': 'd6ecc32b-27c8-4f82-bf36-8c131d17b074', 'worker_hostname': 'nbp-25-98-190.nbp.ruw.rutgers.edu'}
DEBUG:root:{'pid': 95123, 'executed': '1552425006.877304', 'result': 943634808.8086724, 'completed': '1552425025.8901172', 'function': 'example_compute.compute_flops', 'params': [1, 2048], 'resources': 1, 'dispatcher_id': '288bf2e6-9538-4ea8-a76e-818a1d254047', 'task_id': 36, 'scheduled': '1552425006.767336', 'worker_id': 'd6ecc32b-27c8-4f82-bf36-8c131d17b074', 'worker_hostname': 'nbp-25-98-190.nbp.ruw.rutgers.edu'}
DEBUG:root:{'pid': 95163, 'executed': '1552425006.939383', 'result': 984723674.084992, 'completed': '1552425025.89296', 'function': 'example_compute.compute_flops', 'params': [1, 2048], 'resources': 1, 'dispatcher_id': '288bf2e6-9538-4ea8-a76e-818a1d254047', 'task_id': 76, 'scheduled': '1552425006.8393018', 'worker_id': 'd6ecc32b-27c8-4f82-bf36-8c131d17b074', 'worker_hostname': 'nbp-25-98-190.nbp.ruw.rutgers.edu'}
DEBUG:root:{'pid': 95185, 'executed': '1552425006.9706612', 'result': 995602994.0150592, 'completed': '1552425025.8905349', 'function': 'example_compute.compute_flops', 'params': [1, 2048], 'resources': 1, 'dispatcher_id': '288bf2e6-9538-4ea8-a76e-818a1d254047', 'task_id': 98, 'scheduled': '1552425006.848456', 'worker_id': 'd6ecc32b-27c8-4f82-bf36-8c131d17b074', 'worker_hostname': 'nbp-25-98-190.nbp.ruw.rutgers.edu'}
DEBUG:root:{'pid': 95160, 'executed': '1552425006.93734', 'result': 946663803.693785, 'completed': '1552425025.8921971', 'function': 'example_compute.compute_flops', 'params': [1, 2048], 'resources': 1, 'dispatcher_id': '288bf2e6-9538-4ea8-a76e-818a1d254047', 'task_id': 73, 'scheduled': '1552425006.835674', 'worker_id': 'd6ecc32b-27c8-4f82-bf36-8c131d17b074', 'worker_hostname': 'nbp-25-98-190.nbp.ruw.rutgers.edu'}
DEBUG:root:{'pid': 95153, 'executed': '1552425006.928051', 'result': 938077208.6744437, 'completed': '1552425025.9087622', 'function': 'example_compute.compute_flops', 'params': [1, 2048], 'resources': 1, 'dispatcher_id': '288bf2e6-9538-4ea8-a76e-818a1d254047', 'task_id': 66, 'scheduled': '1552425006.8339021', 'worker_id': 'd6ecc32b-27c8-4f82-bf36-8c131d17b074', 'worker_hostname': 'nbp-25-98-190.nbp.ruw.rutgers.edu'}
DEBUG:root:{'pid': 95146, 'executed': '1552425006.918066', 'result': 954239231.9747604, 'completed': '1552425025.911422', 'function': 'example_compute.compute_flops', 'params': [1, 2048], 'resources': 1, 'dispatcher_id': '288bf2e6-9538-4ea8-a76e-818a1d254047', 'task_id': 59, 'scheduled': '1552425006.8076', 'worker_id': 'd6ecc32b-27c8-4f82-bf36-8c131d17b074', 'worker_hostname': 'nbp-25-98-190.nbp.ruw.rutgers.edu'}
DEBUG:root:{'pid': 95136, 'executed': '1552425006.8985431', 'result': 952192751.89204, 'completed': '1552425025.916907', 'function': 'example_compute.compute_flops', 'params': [1, 2048], 'resources': 1, 'dispatcher_id': '288bf2e6-9538-4ea8-a76e-818a1d254047', 'task_id': 49, 'scheduled': '1552425006.7765682', 'worker_id': 'd6ecc32b-27c8-4f82-bf36-8c131d17b074', 'worker_hostname': 'nbp-25-98-190.nbp.ruw.rutgers.edu'}
DEBUG:root:{'pid': 95126, 'executed': '1552425006.883465', 'result': 942731900.5972056, 'completed': '1552425025.942742', 'function': 'example_compute.compute_flops', 'params': [1, 2048], 'resources': 1, 'dispatcher_id': '288bf2e6-9538-4ea8-a76e-818a1d254047', 'task_id': 39, 'scheduled': '1552425006.7676', 'worker_id': 'd6ecc32b-27c8-4f82-bf36-8c131d17b074', 'worker_hostname': 'nbp-25-98-190.nbp.ruw.rutgers.edu'}
DEBUG:root:{'pid': 95139, 'executed': '1552425006.904705', 'result': 1002290713.2637886, 'completed': '1552425025.9505029', 'function': 'example_compute.compute_flops', 'params': [1, 2048], 'resources': 1, 'dispatcher_id': '288bf2e6-9538-4ea8-a76e-818a1d254047', 'task_id': 52, 'scheduled': '1552425006.79087', 'worker_id': 'd6ecc32b-27c8-4f82-bf36-8c131d17b074', 'worker_hostname': 'nbp-25-98-190.nbp.ruw.rutgers.edu'}
DEBUG:root:{'pid': 95178, 'executed': '1552425006.960906', 'result': 964776915.9110057, 'completed': '1552425025.953503', 'function': 'example_compute.compute_flops', 'params': [1, 2048], 'resources': 1, 'dispatcher_id': '288bf2e6-9538-4ea8-a76e-818a1d254047', 'task_id': 91, 'scheduled': '1552425006.847873', 'worker_id': 'd6ecc32b-27c8-4f82-bf36-8c131d17b074', 'worker_hostname': 'nbp-25-98-190.nbp.ruw.rutgers.edu'}
DEBUG:root:{'pid': 95173, 'executed': '1552425006.9518578', 'result': 935502201.3588362, 'completed': '1552425025.949024', 'function': 'example_compute.compute_flops', 'params': [1, 2048], 'resources': 1, 'dispatcher_id': '288bf2e6-9538-4ea8-a76e-818a1d254047', 'task_id': 86, 'scheduled': '1552425006.847439', 'worker_id': 'd6ecc32b-27c8-4f82-bf36-8c131d17b074', 'worker_hostname': 'nbp-25-98-190.nbp.ruw.rutgers.edu'}
DEBUG:root:{'pid': 95166, 'executed': '1552425006.9402728', 'result': 996406952.6848524, 'completed': '1552425025.9599848', 'function': 'example_compute.compute_flops', 'params': [1, 2048], 'resources': 1, 'dispatcher_id': '288bf2e6-9538-4ea8-a76e-818a1d254047', 'task_id': 79, 'scheduled': '1552425006.8467982', 'worker_id': 'd6ecc32b-27c8-4f82-bf36-8c131d17b074', 'worker_hostname': 'nbp-25-98-190.nbp.ruw.rutgers.edu'}
DEBUG:root:{'pid': 95170, 'executed': '1552425006.950055', 'result': 993527228.883073, 'completed': '1552425025.965087', 'function': 'example_compute.compute_flops', 'params': [1, 2048], 'resources': 1, 'dispatcher_id': '288bf2e6-9538-4ea8-a76e-818a1d254047', 'task_id': 83, 'scheduled': '1552425006.847179', 'worker_id': 'd6ecc32b-27c8-4f82-bf36-8c131d17b074', 'worker_hostname': 'nbp-25-98-190.nbp.ruw.rutgers.edu'}
DEBUG:root:{'pid': 95154, 'executed': '1552425006.928739', 'result': 954965638.4168115, 'completed': '1552425025.970009', 'function': 'example_compute.compute_flops', 'params': [1, 2048], 'resources': 1, 'dispatcher_id': '288bf2e6-9538-4ea8-a76e-818a1d254047', 'task_id': 67, 'scheduled': '1552425006.834017', 'worker_id': 'd6ecc32b-27c8-4f82-bf36-8c131d17b074', 'worker_hostname': 'nbp-25-98-190.nbp.ruw.rutgers.edu'}
DEBUG:root:{'pid': 95187, 'executed': '1552425006.971254', 'result': 1006880904.4938492, 'completed': '1552425025.9704452', 'function': 'example_compute.compute_flops', 'params': [1, 2048], 'resources': 1, 'dispatcher_id': '288bf2e6-9538-4ea8-a76e-818a1d254047', 'task_id': 100, 'scheduled': '1552425006.848619', 'worker_id': 'd6ecc32b-27c8-4f82-bf36-8c131d17b074', 'worker_hostname': 'nbp-25-98-190.nbp.ruw.rutgers.edu'}
DEBUG:root:{'pid': 95168, 'executed': '1552425006.9431539', 'result': 974465843.9524888, 'completed': '1552425026.004226', 'function': 'example_compute.compute_flops', 'params': [1, 2048], 'resources': 1, 'dispatcher_id': '288bf2e6-9538-4ea8-a76e-818a1d254047', 'task_id': 81, 'scheduled': '1552425006.847003', 'worker_id': 'd6ecc32b-27c8-4f82-bf36-8c131d17b074', 'worker_hostname': 'nbp-25-98-190.nbp.ruw.rutgers.edu'}
DEBUG:root:{'pid': 95176, 'executed': '1552425006.9531908', 'result': 974572216.1759901, 'completed': '1552425026.0145762', 'function': 'example_compute.compute_flops', 'params': [1, 2048], 'resources': 1, 'dispatcher_id': '288bf2e6-9538-4ea8-a76e-818a1d254047', 'task_id': 89, 'scheduled': '1552425006.847688', 'worker_id': 'd6ecc32b-27c8-4f82-bf36-8c131d17b074', 'worker_hostname': 'nbp-25-98-190.nbp.ruw.rutgers.edu'}
DEBUG:root:{'pid': 95125, 'executed': '1552425006.88026', 'result': 928972391.2192951, 'completed': '1552425026.018404', 'function': 'example_compute.compute_flops', 'params': [1, 2048], 'resources': 1, 'dispatcher_id': '288bf2e6-9538-4ea8-a76e-818a1d254047', 'task_id': 38, 'scheduled': '1552425006.767512', 'worker_id': 'd6ecc32b-27c8-4f82-bf36-8c131d17b074', 'worker_hostname': 'nbp-25-98-190.nbp.ruw.rutgers.edu'}
DEBUG:root:{'pid': 95110, 'executed': '1552425006.8575401', 'result': 957138171.7977185, 'completed': '1552425026.019433', 'function': 'example_compute.compute_flops', 'params': [1, 2048], 'resources': 1, 'dispatcher_id': '288bf2e6-9538-4ea8-a76e-818a1d254047', 'task_id': 23, 'scheduled': '1552425006.7653298', 'worker_id': 'd6ecc32b-27c8-4f82-bf36-8c131d17b074', 'worker_hostname': 'nbp-25-98-190.nbp.ruw.rutgers.edu'}
DEBUG:root:{'pid': 95100, 'executed': '1552425006.808297', 'result': 926148882.7731538, 'completed': '1552425026.021651', 'function': 'example_compute.compute_flops', 'params': [1, 2048], 'resources': 1, 'dispatcher_id': '288bf2e6-9538-4ea8-a76e-818a1d254047', 'task_id': 13, 'scheduled': '1552425006.764128', 'worker_id': 'd6ecc32b-27c8-4f82-bf36-8c131d17b074', 'worker_hostname': 'nbp-25-98-190.nbp.ruw.rutgers.edu'}
DEBUG:root:{'pid': 95144, 'executed': '1552425006.916241', 'result': 964379767.0428221, 'completed': '1552425026.028578', 'function': 'example_compute.compute_flops', 'params': [1, 2048], 'resources': 1, 'dispatcher_id': '288bf2e6-9538-4ea8-a76e-818a1d254047', 'task_id': 57, 'scheduled': '1552425006.807408', 'worker_id': 'd6ecc32b-27c8-4f82-bf36-8c131d17b074', 'worker_hostname': 'nbp-25-98-190.nbp.ruw.rutgers.edu'}
DEBUG:root:{'pid': 95177, 'executed': '1552425006.9601269', 'result': 980090776.0562104, 'completed': '1552425026.031626', 'function': 'example_compute.compute_flops', 'params': [1, 2048], 'resources': 1, 'dispatcher_id': '288bf2e6-9538-4ea8-a76e-818a1d254047', 'task_id': 90, 'scheduled': '1552425006.84778', 'worker_id': 'd6ecc32b-27c8-4f82-bf36-8c131d17b074', 'worker_hostname': 'nbp-25-98-190.nbp.ruw.rutgers.edu'}
DEBUG:root:{'pid': 95145, 'executed': '1552425006.917494', 'result': 943066474.7550166, 'completed': '1552425026.032007', 'function': 'example_compute.compute_flops', 'params': [1, 2048], 'resources': 1, 'dispatcher_id': '288bf2e6-9538-4ea8-a76e-818a1d254047', 'task_id': 58, 'scheduled': '1552425006.807507', 'worker_id': 'd6ecc32b-27c8-4f82-bf36-8c131d17b074', 'worker_hostname': 'nbp-25-98-190.nbp.ruw.rutgers.edu'}
DEBUG:root:{'pid': 95182, 'executed': '1552425006.9627001', 'result': 977054229.0108522, 'completed': '1552425026.037177', 'function': 'example_compute.compute_flops', 'params': [1, 2048], 'resources': 1, 'dispatcher_id': '288bf2e6-9538-4ea8-a76e-818a1d254047', 'task_id': 95, 'scheduled': '1552425006.848211', 'worker_id': 'd6ecc32b-27c8-4f82-bf36-8c131d17b074', 'worker_hostname': 'nbp-25-98-190.nbp.ruw.rutgers.edu'}
DEBUG:root:{'pid': 95103, 'executed': '1552425006.835616', 'result': 984814207.8027625, 'completed': '1552425026.0465732', 'function': 'example_compute.compute_flops', 'params': [1, 2048], 'resources': 1, 'dispatcher_id': '288bf2e6-9538-4ea8-a76e-818a1d254047', 'task_id': 16, 'scheduled': '1552425006.764537', 'worker_id': 'd6ecc32b-27c8-4f82-bf36-8c131d17b074', 'worker_hostname': 'nbp-25-98-190.nbp.ruw.rutgers.edu'}
DEBUG:root:{'pid': 95143, 'executed': '1552425006.909305', 'result': 936218121.8087462, 'completed': '1552425026.049539', 'function': 'example_compute.compute_flops', 'params': [1, 2048], 'resources': 1, 'dispatcher_id': '288bf2e6-9538-4ea8-a76e-818a1d254047', 'task_id': 56, 'scheduled': '1552425006.807235', 'worker_id': 'd6ecc32b-27c8-4f82-bf36-8c131d17b074', 'worker_hostname': 'nbp-25-98-190.nbp.ruw.rutgers.edu'}
DEBUG:root:{'pid': 95180, 'executed': '1552425006.962185', 'result': 950049487.5221341, 'completed': '1552425026.038887', 'function': 'example_compute.compute_flops', 'params': [1, 2048], 'resources': 1, 'dispatcher_id': '288bf2e6-9538-4ea8-a76e-818a1d254047', 'task_id': 93, 'scheduled': '1552425006.8480399', 'worker_id': 'd6ecc32b-27c8-4f82-bf36-8c131d17b074', 'worker_hostname': 'nbp-25-98-190.nbp.ruw.rutgers.edu'}
DEBUG:root:{'pid': 95171, 'executed': '1552425006.951005', 'result': 979136721.2231972, 'completed': '1552425026.062588', 'function': 'example_compute.compute_flops', 'params': [1, 2048], 'resources': 1, 'dispatcher_id': '288bf2e6-9538-4ea8-a76e-818a1d254047', 'task_id': 84, 'scheduled': '1552425006.847262', 'worker_id': 'd6ecc32b-27c8-4f82-bf36-8c131d17b074', 'worker_hostname': 'nbp-25-98-190.nbp.ruw.rutgers.edu'}
DEBUG:root:{'pid': 95119, 'executed': '1552425006.8707461', 'result': 951192707.4101381, 'completed': '1552425026.038592', 'function': 'example_compute.compute_flops', 'params': [1, 2048], 'resources': 1, 'dispatcher_id': '288bf2e6-9538-4ea8-a76e-818a1d254047', 'task_id': 32, 'scheduled': '1552425006.766316', 'worker_id': 'd6ecc32b-27c8-4f82-bf36-8c131d17b074', 'worker_hostname': 'nbp-25-98-190.nbp.ruw.rutgers.edu'}
DEBUG:root:{'pid': 95142, 'executed': '1552425006.906114', 'result': 979733084.0862436, 'completed': '1552425026.067468', 'function': 'example_compute.compute_flops', 'params': [1, 2048], 'resources': 1, 'dispatcher_id': '288bf2e6-9538-4ea8-a76e-818a1d254047', 'task_id': 55, 'scheduled': '1552425006.79126', 'worker_id': 'd6ecc32b-27c8-4f82-bf36-8c131d17b074', 'worker_hostname': 'nbp-25-98-190.nbp.ruw.rutgers.edu'}
DEBUG:root:{'pid': 95156, 'executed': '1552425006.929264', 'result': 932436037.9789238, 'completed': '1552425026.060004', 'function': 'example_compute.compute_flops', 'params': [1, 2048], 'resources': 1, 'dispatcher_id': '288bf2e6-9538-4ea8-a76e-818a1d254047', 'task_id': 69, 'scheduled': '1552425006.835247', 'worker_id': 'd6ecc32b-27c8-4f82-bf36-8c131d17b074', 'worker_hostname': 'nbp-25-98-190.nbp.ruw.rutgers.edu'}
DEBUG:root:{'pid': 95158, 'executed': '1552425006.92975', 'result': 923294203.2976432, 'completed': '1552425026.060698', 'function': 'example_compute.compute_flops', 'params': [1, 2048], 'resources': 1, 'dispatcher_id': '288bf2e6-9538-4ea8-a76e-818a1d254047', 'task_id': 71, 'scheduled': '1552425006.835501', 'worker_id': 'd6ecc32b-27c8-4f82-bf36-8c131d17b074', 'worker_hostname': 'nbp-25-98-190.nbp.ruw.rutgers.edu'}
DEBUG:root:{'pid': 95165, 'executed': '1552425006.939869', 'result': 973040727.5153404, 'completed': '1552425026.069602', 'function': 'example_compute.compute_flops', 'params': [1, 2048], 'resources': 1, 'dispatcher_id': '288bf2e6-9538-4ea8-a76e-818a1d254047', 'task_id': 78, 'scheduled': '1552425006.846624', 'worker_id': 'd6ecc32b-27c8-4f82-bf36-8c131d17b074', 'worker_hostname': 'nbp-25-98-190.nbp.ruw.rutgers.edu'}
DEBUG:root:{'pid': 95105, 'executed': '1552425006.843717', 'result': 969072053.9878564, 'completed': '1552425026.069419', 'function': 'example_compute.compute_flops', 'params': [1, 2048], 'resources': 1, 'dispatcher_id': '288bf2e6-9538-4ea8-a76e-818a1d254047', 'task_id': 18, 'scheduled': '1552425006.7647722', 'worker_id': 'd6ecc32b-27c8-4f82-bf36-8c131d17b074', 'worker_hostname': 'nbp-25-98-190.nbp.ruw.rutgers.edu'}
DEBUG:root:{'pid': 95186, 'executed': '1552425006.97095', 'result': 991051630.5341778, 'completed': '1552425026.070113', 'function': 'example_compute.compute_flops', 'params': [1, 2048], 'resources': 1, 'dispatcher_id': '288bf2e6-9538-4ea8-a76e-818a1d254047', 'task_id': 99, 'scheduled': '1552425006.8485382', 'worker_id': 'd6ecc32b-27c8-4f82-bf36-8c131d17b074', 'worker_hostname': 'nbp-25-98-190.nbp.ruw.rutgers.edu'}
DEBUG:root:{'pid': 95149, 'executed': '1552425006.919327', 'result': 965673813.8688273, 'completed': '1552425026.0719821', 'function': 'example_compute.compute_flops', 'params': [1, 2048], 'resources': 1, 'dispatcher_id': '288bf2e6-9538-4ea8-a76e-818a1d254047', 'task_id': 62, 'scheduled': '1552425006.816946', 'worker_id': 'd6ecc32b-27c8-4f82-bf36-8c131d17b074', 'worker_hostname': 'nbp-25-98-190.nbp.ruw.rutgers.edu'}
DEBUG:root:{'pid': 95106, 'executed': '1552425006.8486242', 'result': 963834507.7801663, 'completed': '1552425026.07141', 'function': 'example_compute.compute_flops', 'params': [1, 2048], 'resources': 1, 'dispatcher_id': '288bf2e6-9538-4ea8-a76e-818a1d254047', 'task_id': 19, 'scheduled': '1552425006.764909', 'worker_id': 'd6ecc32b-27c8-4f82-bf36-8c131d17b074', 'worker_hostname': 'nbp-25-98-190.nbp.ruw.rutgers.edu'}
DEBUG:root:{'pid': 95129, 'executed': '1552425006.886318', 'result': 942518303.0442702, 'completed': '1552425026.0735931', 'function': 'example_compute.compute_flops', 'params': [1, 2048], 'resources': 1, 'dispatcher_id': '288bf2e6-9538-4ea8-a76e-818a1d254047', 'task_id': 42, 'scheduled': '1552425006.768269', 'worker_id': 'd6ecc32b-27c8-4f82-bf36-8c131d17b074', 'worker_hostname': 'nbp-25-98-190.nbp.ruw.rutgers.edu'}
DEBUG:root:{'pid': 95121, 'executed': '1552425006.8726451', 'result': 945915793.9321235, 'completed': '1552425026.073714', 'function': 'example_compute.compute_flops', 'params': [1, 2048], 'resources': 1, 'dispatcher_id': '288bf2e6-9538-4ea8-a76e-818a1d254047', 'task_id': 34, 'scheduled': '1552425006.766498', 'worker_id': 'd6ecc32b-27c8-4f82-bf36-8c131d17b074', 'worker_hostname': 'nbp-25-98-190.nbp.ruw.rutgers.edu'}
DEBUG:root:{'pid': 95113, 'executed': '1552425006.865056', 'result': 934693547.296767, 'completed': '1552425026.047075', 'function': 'example_compute.compute_flops', 'params': [1, 2048], 'resources': 1, 'dispatcher_id': '288bf2e6-9538-4ea8-a76e-818a1d254047', 'task_id': 26, 'scheduled': '1552425006.7656808', 'worker_id': 'd6ecc32b-27c8-4f82-bf36-8c131d17b074', 'worker_hostname': 'nbp-25-98-190.nbp.ruw.rutgers.edu'}
DEBUG:root:{'pid': 95138, 'executed': '1552425006.902869', 'result': 981150965.5179814, 'completed': '1552425026.075232', 'function': 'example_compute.compute_flops', 'params': [1, 2048], 'resources': 1, 'dispatcher_id': '288bf2e6-9538-4ea8-a76e-818a1d254047', 'task_id': 51, 'scheduled': '1552425006.790658', 'worker_id': 'd6ecc32b-27c8-4f82-bf36-8c131d17b074', 'worker_hostname': 'nbp-25-98-190.nbp.ruw.rutgers.edu'}
DEBUG:root:{'pid': 95141, 'executed': '1552425006.9051971', 'result': 932154686.6744832, 'completed': '1552425026.075109', 'function': 'example_compute.compute_flops', 'params': [1, 2048], 'resources': 1, 'dispatcher_id': '288bf2e6-9538-4ea8-a76e-818a1d254047', 'task_id': 54, 'scheduled': '1552425006.791142', 'worker_id': 'd6ecc32b-27c8-4f82-bf36-8c131d17b074', 'worker_hostname': 'nbp-25-98-190.nbp.ruw.rutgers.edu'}
DEBUG:root:{'pid': 95175, 'executed': '1552425006.9529028', 'result': 994629594.3618208, 'completed': '1552425026.0767858', 'function': 'example_compute.compute_flops', 'params': [1, 2048], 'resources': 1, 'dispatcher_id': '288bf2e6-9538-4ea8-a76e-818a1d254047', 'task_id': 88, 'scheduled': '1552425006.847605', 'worker_id': 'd6ecc32b-27c8-4f82-bf36-8c131d17b074', 'worker_hostname': 'nbp-25-98-190.nbp.ruw.rutgers.edu'}
DEBUG:root:{'pid': 95161, 'executed': '1552425006.938743', 'result': 993803334.6749704, 'completed': '1552425026.078623', 'function': 'example_compute.compute_flops', 'params': [1, 2048], 'resources': 1, 'dispatcher_id': '288bf2e6-9538-4ea8-a76e-818a1d254047', 'task_id': 74, 'scheduled': '1552425006.839078', 'worker_id': 'd6ecc32b-27c8-4f82-bf36-8c131d17b074', 'worker_hostname': 'nbp-25-98-190.nbp.ruw.rutgers.edu'}
DEBUG:root:{'pid': 95116, 'executed': '1552425006.868879', 'result': 931483603.6403627, 'completed': '1552425026.078762', 'function': 'example_compute.compute_flops', 'params': [1, 2048], 'resources': 1, 'dispatcher_id': '288bf2e6-9538-4ea8-a76e-818a1d254047', 'task_id': 29, 'scheduled': '1552425006.766002', 'worker_id': 'd6ecc32b-27c8-4f82-bf36-8c131d17b074', 'worker_hostname': 'nbp-25-98-190.nbp.ruw.rutgers.edu'}
DEBUG:root:{'pid': 95099, 'executed': '1552425006.8019688', 'result': 933466030.5075581, 'completed': '1552425026.0802119', 'function': 'example_compute.compute_flops', 'params': [1, 2048], 'resources': 1, 'dispatcher_id': '288bf2e6-9538-4ea8-a76e-818a1d254047', 'task_id': 12, 'scheduled': '1552425006.7640011', 'worker_id': 'd6ecc32b-27c8-4f82-bf36-8c131d17b074', 'worker_hostname': 'nbp-25-98-190.nbp.ruw.rutgers.edu'}
DEBUG:root:{'pid': 95117, 'executed': '1552425006.869837', 'result': 945520296.3171114, 'completed': '1552425026.0803342', 'function': 'example_compute.compute_flops', 'params': [1, 2048], 'resources': 1, 'dispatcher_id': '288bf2e6-9538-4ea8-a76e-818a1d254047', 'task_id': 30, 'scheduled': '1552425006.7661078', 'worker_id': 'd6ecc32b-27c8-4f82-bf36-8c131d17b074', 'worker_hostname': 'nbp-25-98-190.nbp.ruw.rutgers.edu'}
DEBUG:root:{'pid': 95122, 'executed': '1552425006.8749702', 'result': 928969229.4636275, 'completed': '1552425026.080302', 'function': 'example_compute.compute_flops', 'params': [1, 2048], 'resources': 1, 'dispatcher_id': '288bf2e6-9538-4ea8-a76e-818a1d254047', 'task_id': 35, 'scheduled': '1552425006.767211', 'worker_id': 'd6ecc32b-27c8-4f82-bf36-8c131d17b074', 'worker_hostname': 'nbp-25-98-190.nbp.ruw.rutgers.edu'}
DEBUG:root:{'pid': 95140, 'executed': '1552425006.9055119', 'result': 984707983.4459668, 'completed': '1552425026.08064', 'function': 'example_compute.compute_flops', 'params': [1, 2048], 'resources': 1, 'dispatcher_id': '288bf2e6-9538-4ea8-a76e-818a1d254047', 'task_id': 53, 'scheduled': '1552425006.791013', 'worker_id': 'd6ecc32b-27c8-4f82-bf36-8c131d17b074', 'worker_hostname': 'nbp-25-98-190.nbp.ruw.rutgers.edu'}
DEBUG:root:{'pid': 95157, 'executed': '1552425006.935277', 'result': 949314942.0313994, 'completed': '1552425026.082348', 'function': 'example_compute.compute_flops', 'params': [1, 2048], 'resources': 1, 'dispatcher_id': '288bf2e6-9538-4ea8-a76e-818a1d254047', 'task_id': 70, 'scheduled': '1552425006.835409', 'worker_id': 'd6ecc32b-27c8-4f82-bf36-8c131d17b074', 'worker_hostname': 'nbp-25-98-190.nbp.ruw.rutgers.edu'}
DEBUG:root:{'pid': 95111, 'executed': '1552425006.859377', 'result': 991085817.0874227, 'completed': '1552425026.082867', 'function': 'example_compute.compute_flops', 'params': [1, 2048], 'resources': 1, 'dispatcher_id': '288bf2e6-9538-4ea8-a76e-818a1d254047', 'task_id': 24, 'scheduled': '1552425006.765433', 'worker_id': 'd6ecc32b-27c8-4f82-bf36-8c131d17b074', 'worker_hostname': 'nbp-25-98-190.nbp.ruw.rutgers.edu'}
DEBUG:root:{'pid': 95104, 'executed': '1552425006.8364868', 'result': 928987421.8294082, 'completed': '1552425026.082837', 'function': 'example_compute.compute_flops', 'params': [1, 2048], 'resources': 1, 'dispatcher_id': '288bf2e6-9538-4ea8-a76e-818a1d254047', 'task_id': 17, 'scheduled': '1552425006.764639', 'worker_id': 'd6ecc32b-27c8-4f82-bf36-8c131d17b074', 'worker_hostname': 'nbp-25-98-190.nbp.ruw.rutgers.edu'}
DEBUG:root:{'pid': 95130, 'executed': '1552425006.8880289', 'result': 938439333.1514468, 'completed': '1552425026.083053', 'function': 'example_compute.compute_flops', 'params': [1, 2048], 'resources': 1, 'dispatcher_id': '288bf2e6-9538-4ea8-a76e-818a1d254047', 'task_id': 43, 'scheduled': '1552425006.768369', 'worker_id': 'd6ecc32b-27c8-4f82-bf36-8c131d17b074', 'worker_hostname': 'nbp-25-98-190.nbp.ruw.rutgers.edu'}
DEBUG:root:{'pid': 95164, 'executed': '1552425006.9406369', 'result': 992234466.9386301, 'completed': '1552425026.086508', 'function': 'example_compute.compute_flops', 'params': [1, 2048], 'resources': 1, 'dispatcher_id': '288bf2e6-9538-4ea8-a76e-818a1d254047', 'task_id': 77, 'scheduled': '1552425006.839391', 'worker_id': 'd6ecc32b-27c8-4f82-bf36-8c131d17b074', 'worker_hostname': 'nbp-25-98-190.nbp.ruw.rutgers.edu'}
DEBUG:root:{'pid': 95174, 'executed': '1552425006.95212', 'result': 987100376.0754433, 'completed': '1552425026.097763', 'function': 'example_compute.compute_flops', 'params': [1, 2048], 'resources': 1, 'dispatcher_id': '288bf2e6-9538-4ea8-a76e-818a1d254047', 'task_id': 87, 'scheduled': '1552425006.847522', 'worker_id': 'd6ecc32b-27c8-4f82-bf36-8c131d17b074', 'worker_hostname': 'nbp-25-98-190.nbp.ruw.rutgers.edu'}
DEBUG:root:{'pid': 95101, 'executed': '1552425006.817503', 'result': 931236956.3080194, 'completed': '1552425026.0213299', 'function': 'example_compute.compute_flops', 'params': [1, 2048], 'resources': 1, 'dispatcher_id': '288bf2e6-9538-4ea8-a76e-818a1d254047', 'task_id': 14, 'scheduled': '1552425006.764312', 'worker_id': 'd6ecc32b-27c8-4f82-bf36-8c131d17b074', 'worker_hostname': 'nbp-25-98-190.nbp.ruw.rutgers.edu'}
DEBUG:root:{'pid': 95162, 'executed': '1552425006.939138', 'result': 962666902.9095025, 'completed': '1552425026.10495', 'function': 'example_compute.compute_flops', 'params': [1, 2048], 'resources': 1, 'dispatcher_id': '288bf2e6-9538-4ea8-a76e-818a1d254047', 'task_id': 75, 'scheduled': '1552425006.8392022', 'worker_id': 'd6ecc32b-27c8-4f82-bf36-8c131d17b074', 'worker_hostname': 'nbp-25-98-190.nbp.ruw.rutgers.edu'}
DEBUG:root:{'pid': 95172, 'executed': '1552425006.951552', 'result': 967167954.5636535, 'completed': '1552425026.1057699', 'function': 'example_compute.compute_flops', 'params': [1, 2048], 'resources': 1, 'dispatcher_id': '288bf2e6-9538-4ea8-a76e-818a1d254047', 'task_id': 85, 'scheduled': '1552425006.847355', 'worker_id': 'd6ecc32b-27c8-4f82-bf36-8c131d17b074', 'worker_hostname': 'nbp-25-98-190.nbp.ruw.rutgers.edu'}
